{
  "Cart Page" : {
    "transaction" : "Cart Page",
    "sampleCount" : 1,
    "errorCount" : 0,
    "errorPct" : 0.0,
    "meanResTime" : 412.0,
    "medianResTime" : 412.0,
    "minResTime" : 412.0,
    "maxResTime" : 412.0,
    "pct1ResTime" : 412.0,
    "pct2ResTime" : 412.0,
    "pct3ResTime" : 412.0,
    "throughput" : 2.4271844660194173,
    "receivedKBytesPerSec" : 11.510163834951458,
    "sentKBytesPerSec" : 0.9576001213592233
  },
  "Total" : {
    "transaction" : "Total",
    "sampleCount" : 4,
    "errorCount" : 0,
    "errorPct" : 0.0,
    "meanResTime" : 1273.5,
    "medianResTime" : 1343.0,
    "minResTime" : 412.0,
    "maxResTime" : 1996.0,
    "pct1ResTime" : 1996.0,
    "pct2ResTime" : 1996.0,
    "pct3ResTime" : 1996.0,
    "throughput" : 0.7843137254901961,
    "receivedKBytesPerSec" : 5.578469669117648,
    "sentKBytesPerSec" : 0.3010110294117647
  },
  "Search Page" : {
    "transaction" : "Search Page",
    "sampleCount" : 1,
    "errorCount" : 0,
    "errorPct" : 0.0,
    "meanResTime" : 1193.0,
    "medianResTime" : 1193.0,
    "minResTime" : 1193.0,
    "maxResTime" : 1193.0,
    "pct1ResTime" : 1193.0,
    "pct2ResTime" : 1193.0,
    "pct3ResTime" : 1193.0,
    "throughput" : 0.8382229673093042,
    "receivedKBytesPerSec" : 5.193871804274937,
    "sentKBytesPerSec" : 0.3307051550712489
  },
  "Home Page" : {
    "transaction" : "Home Page",
    "sampleCount" : 1,
    "errorCount" : 0,
    "errorPct" : 0.0,
    "meanResTime" : 1996.0,
    "medianResTime" : 1996.0,
    "minResTime" : 1996.0,
    "maxResTime" : 1996.0,
    "pct1ResTime" : 1996.0,
    "pct2ResTime" : 1996.0,
    "pct3ResTime" : 1996.0,
    "throughput" : 0.501002004008016,
    "receivedKBytesPerSec" : 3.3509401615731464,
    "sentKBytesPerSec" : 0.1683053607214429
  },
  "Product Page" : {
    "transaction" : "Product Page",
    "sampleCount" : 1,
    "errorCount" : 0,
    "errorPct" : 0.0,
    "meanResTime" : 1493.0,
    "medianResTime" : 1493.0,
    "minResTime" : 1493.0,
    "maxResTime" : 1493.0,
    "pct1ResTime" : 1493.0,
    "pct2ResTime" : 1493.0,
    "pct3ResTime" : 1493.0,
    "throughput" : 0.6697923643670461,
    "receivedKBytesPerSec" : 7.249324974882786,
    "sentKBytesPerSec" : 0.27471952444742126
  }
}